{"bounds":[[-2.6179938779914944,2.6179938779914944],[0.0,2.9670597283903604],[-2.8797932657906435,0.0],[-1.5184364492350666,1.5184364492350666],[-1.3439035240356338,1.3439035240356338],[-2.792526803190927,2.792526803190927]],"dof_lower_bounds":[-2.6179938779914944,0.0,-2.8797932657906435,-1.5184364492350666,-1.3439035240356338,-2.792526803190927],"dof_upper_bounds":[2.6179938779914944,2.9670597283903604,0.0,1.5184364492350666,1.3439035240356338,2.792526803190927]}