{"full_convex_hulls_maximum_distances":[0.16875960651249308,0.11307426247355165,0.09004115879311692,0.44731251499203767,0.4169343346104143,0.21107440243587455,0.11307426247355165,0.09004115879311692,0.44731251499203767,0.4169343346104143,0.21107440243587455,0.7629041086170926,0.11102098438223651,0.14540034503433533,0.24764775438232872,0.2739785342020122,0.11102098438223651,0.14540034503433533,0.24764775438232872,0.2739785342020122,null,0.4215518279752006,null,null,null],"full_obbs_maximum_distances":[0.18835062833313182,0.1546717704460436,0.11075390415005233,0.4599502939520681,0.4215418906734263,0.2124264526321307,0.1546717704460436,0.11075390415005233,0.4599502939520681,0.4215418906734263,0.2124264526321307,0.7907821276214035,0.1290394282861145,0.15541972431705686,0.2569620278264999,0.2760558034216894,0.1290394282861145,0.15541972431705686,0.2569623134256422,0.2760558034216894,null,0.42423846152668326,null,null,null],"full_bounding_spheres_maximum_distances":[0.2054007059741244,0.17609379330985964,0.11660417986890571,0.5440959950905173,0.41855268435819537,0.2259012128708148,0.17619108353469068,0.11647792295483946,0.5441492612781025,0.4185088696106517,0.2259012128708148,1.1196229207685504,0.15294220939186606,0.19976918310214956,0.38459462724495147,0.27423332694516234,0.15283954062024113,0.20021736235532878,0.3818282344932354,0.2742333224880543,null,0.4952749873512423,null,null,null],"decomposition_convex_hulls_maximum_distances":[[0.09067721350569105,0.06643981412718848,0.14747716118954585,0.17190434591570938,0.17340555429241092,0.10714525365380073,0.12048147305799657,0.17161912170545,0.17164844513177915],[0.11511302887166802,0.11432775066141355,0.07926814414279221,0.09369674677594471,0.09539036365926114,0.08270781555943284,0.07121783641123952,0.07898946318967978,0.0845963435503505,0.09810693437125197],[0.07191860929185954,0.09233233512590076,0.08834348033904192,0.08847595954914635,0.08860589044420761,0.08802984873383683,0.08849665795043563,0.07707527145699869,0.06957501713999803,0.06521644399375745,0.05982275125738568],[0.3040781374506363,0.4524243072047156,0.17350646432617123,0.11555474141231173,0.11800237388762998,0.09411312001331283,0.4511165676599019,0.43171037722075206],[0.3202452361092697,0.0637207115276611,0.41956665594104736,0.4211622393798223,0.2068786108716354,0.18401226232157625,0.15905466946990576,0.17667505127068747],[0.21507855697193615,0.12658181399930057,0.07003604295829133,0.11430678603970452,0.11458418947165264,0.03895238000866746,0.050712065646747566],[0.11511302887166802,0.11434436373224852,0.08960332699752376,0.11432775066141355,0.09369674677594471,0.09567398894282081,0.09539036365926114,0.09812308912084648,0.09826425929858476],[0.09233666644902255,0.08807794854364619,0.07693406838425056,0.07180281157737156,0.08848880155729459,0.08856159257798216,0.0882846831688298,0.08790585156992957,0.07717025654076941,0.05990527179213999,0.07741662645219884,0.06304248751391549],[0.3118506566705021,0.16715620199736433,0.4530558865926689,0.08619943529149335,0.45216141502026186,0.4237756100025576,0.09219871145270997,0.11372558182016214],[0.2972286662590781,0.07226350299006044,0.42155650374338977,0.4195749931817487,0.19221101335325436,0.1731244018401038,0.15716926026301403],[0.21507855697193615,0.12658181399930057,0.07003604295829133,0.11430678603970452,0.11458418947165264,0.03895238000866746,0.050712065646747566],[0.3823357013998064,0.7722748440852176,0.49476593013255304,0.6593727587506806,0.5059001932346983,0.4971506814227637,0.6109835212110643,0.6126882727220538],[0.039454116060973037,0.09920582561237513,0.04519819391079603,0.040249885114871105,0.11296867670477449,0.10937253900139321,0.10852007211691043,0.08479958934544318],[0.06594162540391536,0.07361173982276326,0.14778378525744754,0.13847637871887872,0.13944591004852516,0.10103108516329008,0.14188769044142974,0.10198947311614771,0.09788199836943727,0.09738224995072416,0.07208528460497436,0.07391206281858227],[0.11576811654683951,0.17668692471171213,0.15371844957006958,0.06616820625861662,0.04365100041559494,0.20836152514097034,0.23036823345661342,0.25060789837814895,0.23174977646693387],[0.27134802298232263,0.059195395411633,0.2764280381167847,0.27614947825666797,0.06036954545349488,0.05827056298138701,0.09272570134107926,0.06402576183882415,0.1510700459309715,0.2757276417495556,0.09257558723835903,0.08022841402201038],[0.09989815415361752,0.0393188227250332,0.04652144872928557,0.040288613100137816,0.11296867670477449,0.10951544130633843,0.10905621182734064,0.08357844437017538],[0.06607600519908233,0.07368703599658563,0.139053079148922,0.14100862781886528,0.1393614614432606,0.14764354143542596,0.10160228772402215,0.10095431310263565,0.10452334721760999,0.10417882343331593,0.07409017487134376,0.07393249423444845],[0.11608788156472531,0.2087188619415417,0.149120652862068,0.06583141188808381,0.04972392129044171,0.2508945746296509,0.21683099233097378,0.1741879372385428,0.181542326993739],[0.27614947825666797,0.11039321344432088,0.2763340868852968,0.10195997211948413,0.09955817154892364,0.07257065736906843,0.15664311031302747,0.2773048975763829,0.27647834742301713],[],[0.36189915232570824,0.4225458242254686,0.36209727253369123,0.4209653208708099],[],[],[]],