{"full_convex_hulls_maximum_distances":[0.02166016095897876,0.11235359037940316,0.043930134525819654,0.046757591609160855,null,null,null,null,null,null,null,0.043930134525819654,0.046757591609160855,null,null,null,null,null,null,null,0.043930134525819654,0.046757591609160855,null,null,null,null,null,null,null,0.043930134525819654,0.040806923162697004,null,null,null,null,null,null,null,0.03699404403415271,0.07026241244718436,null,null,null,null,null,null,null],"full_obbs_maximum_distances":[0.03163019857832904,0.12213535268313143,0.04601263842555957,0.04887180695008517,null,null,null,null,null,null,null,0.04601263842555957,0.04887180695008517,null,null,null,null,null,null,null,0.04601263842555957,0.04887180695008517,null,null,null,null,null,null,null,0.04601263842555957,0.04296126652272525,null,null,null,null,null,null,null,0.0404992917170115,0.07412790470596371,null,null,null,null,null,null,null],"full_bounding_spheres_maximum_distances":[0.02386927337892139,0.16941920671742114,0.053742671811250545,0.04689019454576633,null,null,null,null,null,null,null,0.053742671811250545,0.04689019454576633,null,null,null,null,null,null,null,0.053742671811250545,0.04689019454576633,null,null,null,null,null,null,null,0.053742671811250545,0.04100942943335684,null,null,null,null,null,null,null,0.03847339790774096,0.08133750798049723,null,null,null,null,null,null,null],"decomposition_convex_hulls_maximum_distances":[[0.021851920055623947,0.022397733728725902,0.02245158528708237,0.021962168109217965,0.019194259671519186,0.019194259671519186,0.019194259671519186,0.019110189157885083],[0.053196126738959244,0.1135280480094586,0.11421442271459041,0.1120151833325657,0.10911386606834544,0.07033522958952632,0.09281934309591967,0.04836698366112211,0.062246260091989455,0.0764594454643249,0.09358720855019556],[0.010555131008160041,0.010313045561790331,0.026184949549086158,0.026478036988738195,0.03728943177299631,0.04312593932948671,0.044498138553631314,0.042908132699504185,0.03548796567220194,0.031731961465350456],[0.030820810871257445,0.02290508726408554,0.020271739386435957,0.01011012621334539,0.01501211607405772,0.03205989015635209,0.04645561165052402,0.03558652559593782,0.0473053667914009,0.0469512240446215,0.04166556027188722],[],[],[],[],[],[],[],[0.010555131008160041,0.010313045561790331,0.026184949549086158,0.026478036988738195,0.03728943177299631,0.04312593932948671,0.044498138553631314,0.042908132699504185,0.03548796567220194,0.031731961465350456],[0.030820810871257445,0.02290508726408554,0.020271739386435957,0.01011012621334539,0.01501211607405772,0.03205989015635209,0.04645561165052402,0.03558652559593782,0.0473053667914009,0.0469512240446215,0.04166556027188722],[],[],[],[],[],[],[],[0.010555131008160041,0.010313045561790331,0.026184949549086158,0.026478036988738195,0.03728943177299631,0.04312593932948671,0.044498138553631314,0.042908132699504185,0.03548796567220194,0.031731961465350456],[0.030820810871257445,0.02290508726408554,0.020271739386435957,0.01011012621334539,0.01501211607405772,0.03205989015635209,0.04645561165052402,0.03558652559593782,0.0473053667914009,0.0469512240446215,0.04166556027188722],[],[],[],[],[],[],[],[0.010555131008160041,0.010313045561790331,0.026184949549086158,0.026478036988738195,0.03728943177299631,0.04312593932948671,0.044498138553631314,0.042908132699504185,0.03548796567220194,0.031731961465350456],[0.02739642677678715,0.01074515254546228,0.009176936161813889,0.02166427868045693,0.015430088853013944,0.0314754462616377,0.027641102220276367,0.035590892769170414,0.04123259624091609],[],[],[],[],[],[],[],[0.010795530318952112,0.03507179819673904,0.03700654810794505,0.03143681741043615,0.03746140938710957,0.0191322981979386,0.025307482246532106,0.027145319254667167,0.03194370077821085],[0.024727873258050963,0.03479010845030474,0.04026918385907157,0.05151395828056413,0.07040521955981102,0.07133062710406393,0.053428550262344464,0.059810372157418135,0.021525960613522188,0.06696601258687193],[],[],[],[],[],[],[]],"decomposition_obbs_maximum_distances":[[0.029474900074991903,0.022869035866289928,0.022904212237196707,0.021962168109217965,0.02590608961865001,0.02590608961865001,0.02634520720235348,0.02634520720235348],[0.05809438045087231,0.11864027388768733,0.11734487877993077,0.11647275200471051,0.1144545193293567,0.07471939797075977,0.0966330573268741,0.05371569617050369,0.06756998606882077,0.08025713365896714,0.09655776133232172],[0.011472433711359043,0.011707979717150555,0.027531548203833224,0.02718910201839018,0.03894941704710532,0.04371032194330149,0.046412522121749164,0.043487771187822474,0.03605892974415457,0.03391386006402821],[0.03143555960523351,0.023930016079755582,0.02190452922811994,0.011545517713061206,0.01703783479327881,0.03302199673156377,0.04790038499947374,0.03566087646096235,0.048881331808719605,0.04895298156253854,0.042200543603259366],[],[],[],[],[],[],[],[0.011472433711359043,0.011707979717150555,0.027531548203833224,0.02718910201839018,0.03894941704710532,0.04371032194330149,0.046412522121749164,0.043487771187822474,0.03605892974415457,0.03391386006402821],[0.03143555960523351,0.023930016079755582,0.02190452922811994,0.011545517713061206,0.01703783479327881,0.03302199673156377,0.04790038499947374,0.03566087646096235,0.048881331808719605,0.04895298156253854,0.042200543603259366],[],[],[],[],[],[],[],[0.011472433711359043,0.011707979717150555,0.027531548203833224,0.02718910201839018,0.03894941704710532,0.04371032194330149,0.046412522121749164,0.043487771187822474,0.03605892974415457,0.03391386006402821],[0.03143555960523351,0.023930016079755582,0.02190452922811994,0.011545517713061206,0.01703783479327881,0.03302199673156377,0.04790038499947374,0.03566087646096235,0.048881331808719605,0.04895298156253854,0.042200543603259366],[],[],[],[],[],[],[],[0.011472433711359043,0.011707979717150555,0.027531548203833224,0.02718910201839018,0.03894941704710532,0.04371032194330149,0.046412522121749164,0.043487771187822474,0.03605892974415457,0.03391386006402821],[0.028427398618717296,0.013138217792616059,0.010964979499355158,0.02295051387575009,0.016896725597549275,0.032126010707672265,0.027959176646815406,0.036176777050367794,0.04335602368885311],[],[],[],[],[],[],[],[0.011543312423463889,0.035936539232888705,0.037599586863672096,0.03309172619674627,0.04088460500309649,0.02180001394418129,0.02663452142312131,0.028126574654285745,0.03283625820982959],[0.02865084169142022,0.03934695219292355,0.042719119284152035,0.054040380004516865,0.07231425591144403,0.07494474167223437,0.05503712966662405,0.061724507770198084,0.024146132625018444,0.06879846573376626],[],[],[],[],[],[],[]],