{"bounds":[[-1.2217304763960306,1.2217304763960306],[0.0,1e-7],[-2.775073510670984,-0.6457718232379019],[-1.2217304763960306,1.2217304763960306],[0.0,1e-7],[-2.775073510670984,-0.6457718232379019],[-1.2217304763960306,1.2217304763960306],[0.0,1e-7],[-2.775073510670984,-0.6457718232379019],[-1.2217304763960306,1.2217304763960306],[0.0,1e-7],[-2.775073510670984,-0.6457718232379019]],"dof_lower_bounds":[-1.2217304763960306,0.0,-2.775073510670984,-1.2217304763960306,0.0,-2.775073510670984,-1.2217304763960306,0.0,-2.775073510670984,-1.2217304763960306,0.0,-2.775073510670984],"dof_upper_bounds":[1.2217304763960306,1e-7,-0.6457718232379019,1.2217304763960306,1e-7,-0.6457718232379019,1.2217304763960306,1e-7,-0.6457718232379019,1.2217304763960306,1e-7,-0.6457718232379019]}