{"bounds":[[-6.28318530718,6.28318530718],[-2.059,2.0944],[-6.28318530718,6.28318530718],[-0.19198,3.927],[-6.28318530718,6.28318530718],[-1.69297,3.14159265359],[-6.28318530718,6.28318530718],[0.0,0.85]],"dof_lower_bounds":[-6.28318530718,-2.059,-6.28318530718,-0.19198,-6.28318530718,-1.69297,-6.28318530718,0.0],"dof_upper_bounds":[6.28318530718,2.0944,6.28318530718,3.927,6.28318530718,3.14159265359,6.28318530718,0.85]}