{"bounds":[[-6.283185307179586,6.283185307179586],[-2.61799,2.61799],[-0.061087,5.235988],[-6.283185307179586,6.283185307179586],[-2.1642,2.1642],[-6.283185307179586,6.283185307179586]],"dof_lower_bounds":[-6.283185307179586,-2.61799,-0.061087,-6.283185307179586,-2.1642,-6.283185307179586],"dof_upper_bounds":[6.283185307179586,2.61799,5.235988,6.283185307179586,2.1642,6.283185307179586]}