{"bounds":[[-0.6736,0.8972],[-0.87266,0.87266],[-1.08211,0.0],[-0.7944,1.23],[-0.85384,1.45],[-1.04577,0.24577],[-0.34907,1.65806],[-0.34907,1.88496],[-0.64577,0.64577],[-0.34907,1.58825],[-0.34907,1.8675],[-0.47577,0.80577],[-0.34907,1.58825],[-0.34907,1.8675],[-0.12244,1.1691],[-0.34907,1.71042],[-0.34907,1.88496]],"dof_lower_bounds":[-0.6736,-0.87266,-1.08211,-0.7944,-0.85384,-1.04577,-0.34907,-0.34907,-0.64577,-0.34907,-0.34907,-0.47577,-0.34907,-0.34907,-0.12244,-0.34907,-0.34907],"dof_upper_bounds":[0.8972,0.87266,0.0,1.23,1.45,0.24577,1.65806,1.88496,0.64577,1.58825,1.8675,0.80577,1.58825,1.8675,1.1691,1.71042,1.88496]}