{"full_convex_hulls_maximum_distances":[0.11051433443364893,0.09129203851864498,0.4871639174078707,0.4323674812950948,0.1387234099444896,0.14027422461645986,0.08767874289919327,null,null,null,null],"full_obbs_maximum_distances":[0.13387881643506258,0.11490940026649506,0.49292406109447656,0.4388074764609541,0.14930132202770957,0.15022957694437888,0.09975248404401241,null,null,null,null],"full_bounding_spheres_maximum_distances":[0.11471023432552781,0.18029816370860208,0.5102455687270901,0.47586787688156135,0.2069067699592196,0.2074000390943413,0.11520117130435444,null,null,null,null],"decomposition_convex_hulls_maximum_distances":[[0.1113069056963099,0.06389487503972999,0.07591021482255617,0.0761480159327479,0.07648967370602508,0.07647831318992081],[0.08836532791379428,0.08940789434491778,0.09219156156744374,0.07652788658239534,0.07643095971204648,0.08771442950023879],[0.21963520407877676,0.34549533706949104,0.10225528134746376,0.372781970128984,0.0926341949976951,0.09263348473956157,0.49140607405172265,0.4887365749766427],[0.095963059969656,0.43571584357102455,0.07427476047375896,0.08472082471293513,0.3547148340732128,0.3546051481971043],[0.07157233230450781,0.13856181205672846,0.1353131243173689,0.1391487431679673,0.13489553005492141,0.13349944491756857],[0.07318139496742208,0.13960380812621334,0.13684205683438658,0.14069566462488856,0.13432381495833934,0.13635708585538595],[0.07897903869561883,0.08412230960776595,0.08447614773798784,0.08451519813497671,0.08804023349825219,0.08412713986151028,0.0841130541219721,0.08798513029932334,0.08801335207020226],[],[],[],[]],"decomposition_obbs_maximum_distances":[[0.11141350408220488,0.08600919283693828,0.0996299629531576,0.08989452653103736,0.0834571964487326,0.10073073251922315],[0.10560590525250095,0.1088285849292244,0.10897251971146589,0.0900404495782335,0.0925398129060457,0.10760940424077245],[0.225476889549722,0.34923807465259693,0.12303722984349617,0.3775647490405291,0.1106829066682669,0.10981881455741561,0.49513095933001694,0.49557881278901267],[0.10396596871379257,0.4390106794568209,0.09308706910509187,0.10181519823654922,0.3567920911994663,0.3565045955648475],[0.08072211791705583,0.14810104224696105,0.14038723509280152,0.14460407931744043,0.14079159502797475,0.13919596905324824],[0.08186196225681922,0.14956451128091916,0.14233022822769809,0.14610255715560966,0.13988018166521862,0.14137438445286665],[0.07906727180100817,0.09220781323662537,0.09031527162356115,0.09017005336123597,0.09333648836118938,0.09203795667757718,0.09246523742813811,0.09340666433522388,0.09355216408205255],[],[],[],[]],"decomposition_bounding_spheres_maximum_distances":[[0.112325565454639,0.07987014908941868,0.1295254868404412,0.1139064302811921,0.08296325199608766,0.12518801050103934],[0.134277334918803,0.1328044731675687,0.12631244164951422,0.11527048608970533,0.1277674800425084,0.12842540318291612],[0.23578681687288044,0.3642368314268734,0.13777206966322927,0.4203892663357437,0.1353100134314159,0.1370506485165765,0.5196509544250578,0.5416281573000855],[0.11917973247605027,0.4680643247941308,0.08013016224214482,0.11020877913291106,0.4051638633847963,0.373891612642367],[0.1013538917281957,0.15476318812652867,0.16855269182133673,0.15101870364991354,0.16478892998108374,0.17708859259724966],[0.10448041811917388,0.15751084486841183,0.16528235815068312,0.15893113555899938,0.17914784312538604,0.1737073019727355],[0.07985401442674736,0.11329129570257845,0.11515682562757797,0.11592580860742456,0.11773410564404423,0.1020659255980985,0.10913801510376095,0.10736017920188565,0.11117204111069173],[],[],[],[]]}